Nom du Vendeur,Prix (€),Note du Vendeur,État du Produit,Date de Livraison,Horodatage
Darty,159,Non applicable,Neuf,02/10,29/09/2024 14:43:24
Jensentech,129.99,Non spécifié,Neuf,10/10,29/09/2024 14:43:24
Icoza,156.80,4.23,Neuf,07/10,29/09/2024 14:43:24
Digital Bay,160.10,4.28,Neuf,04/10,29/09/2024 14:43:24
Electro Store,161.47,4.15,Neuf,07/10,29/09/2024 14:43:24
ProComponentes,154.23,4.13,Neuf,03/10,29/09/2024 14:43:24
Stortle,173.29,4.11,Neuf,08/10,29/09/2024 14:43:24
Topbiz,176.78,4.54,Neuf,04/10,29/09/2024 14:43:24
TradinQ,164.49,3.87,Neuf,03/10,29/09/2024 14:43:24
Jericho,181,4.51,Neuf,05/10,29/09/2024 14:43:24
Super10Count,181.73,4.24,Neuf,04/10,29/09/2024 14:43:24
Espace-Disque,182.91,4.22,Neuf,12/10,29/09/2024 14:43:24
2KINGS,208.02,3.97,Neuf,02/10,29/09/2024 14:43:24
MS2 Digital,190.56,3.2,Neuf,14/10,29/09/2024 14:43:24
Mon eDeal,191.90,5,Neuf,07/10,29/09/2024 14:43:24
Zoomici,194.07,3.9,Neuf,07/10,29/09/2024 14:43:24
Segoula52,205.63,3.58,Neuf,05/10,29/09/2024 14:43:24
Minfo PT,205.68,3.96,Neuf,12/10,29/09/2024 14:43:24
INSTYLEANDJOY,235,3.83,Neuf,09/10,29/09/2024 14:43:24
